file number,time (s),x_center (cm),adv (degree),rec (degree),contact_line_length (cm),y_center (cm),middle_angle_degree (degree),velocity (cm/s)
frame_000115.png,0.0,0.4645761176526921,114.11720853157837,76.32562293786077,0.5607122429224323,0.11579865920012243,69.68255033437234,35.93972563246894
frame_000116.png,0.00025,0.4735610490608093,115.93863636372431,75.11064965640384,0.5614085240971155,0.11603180289638275,69.7331979502959,35.50896835138451
frame_000117.png,0.0005,0.48243829114865544,113.5840762471093,75.54350275092476,0.5634994895571918,0.1161470481146569,69.68831196955436,34.67562512728617
frame_000118.png,0.00075,0.491107197430477,113.02852958007334,73.85547742859119,0.5648753812397944,0.1163417931220494,69.57292405996226,36.31639958272292
frame_000119.png,0.001,0.5001862973261577,114.369919886056,75.39878416012786,0.5646012826506942,0.11640925512183677,69.52715750827488,35.80705153987162
frame_000120.png,0.00125,0.5091380602111256,115.04343226452826,76.37378777287358,0.5643483256585119,0.11659958209442295,69.62347733760406,35.9822892996342
frame_000121.png,0.0015,0.5181336325360342,115.16503304474266,75.27150211351915,0.5651070086660247,0.11681091428149835,69.58840866972982,36.78934564773417
frame_000122.png,0.00175,0.5273309689479677,115.06153112059644,74.29497808334054,0.5661384650706219,0.11694207703401915,69.62960767715728,36.337280789530354
frame_000123.png,0.002,0.5364152891453503,116.7162551637285,72.1848072454452,0.5669474224412424,0.11711965938966182,69.6595318167538,36.51290379414496
frame_000124.png,0.0022500000000000003,0.5455435150938865,116.36280737541331,74.32384296082884,0.5673616885080652,0.1173559603979134,69.6026178825722,36.132534150792765
frame_000125.png,0.0025,0.5545766486315847,115.5003938583734,75.20393932099432,0.5686758071015533,0.11745489012009107,69.56401017770858,36.1382908179082
frame_000126.png,0.00275,0.5636112213360618,116.75773781429196,74.43917843989408,0.5692572299863885,0.11757985883722623,69.49754424284184,36.344603686414786
frame_000127.png,0.003,0.5726973722576655,117.5582882185798,73.36020923791654,0.5701552915242135,0.11775202212005001,69.43663413990679,37.74448806750996
frame_000128.png,0.0032500000000000003,0.582133494274543,114.87352226222757,73.55323771631802,0.5722379819963906,0.11779272266053013,69.47022111883068,37.22431959377515
frame_000129.png,0.0035,0.5914395741729868,117.95876560925757,76.1896135214715,0.5705536318730596,0.11810001449608784,69.51604980662717,36.36187983688366
frame_000130.png,0.00375,0.6005300441322077,116.47697164690288,74.71695214884859,0.5725298281872058,0.11825216223741589,69.51026865502163,37.384910560386956
frame_000131.png,0.004,0.6098762717723044,115.17052315892377,74.42043277414534,0.5741882039456445,0.11843441617565234,69.47857260735928,36.59359857704247
frame_000132.png,0.00425,0.619024671416565,115.46264739400112,73.85976414016108,0.5749825118736396,0.11863715724571089,69.4040513819267,36.78997366478587
frame_000133.png,0.0045000000000000005,0.6282221648327615,118.51043334315125,74.06562864180476,0.5746457241512649,0.11869966294056901,69.36789027148383,37.88524932091075
frame_000134.png,0.00475,0.6376934771629892,116.9402266617451,74.347045017946,0.5764204866256496,0.1189094427554187,69.31311764728332,36.39236436972793
frame_000135.png,0.005,0.6467915682554212,116.6510396830575,73.4453202389081,0.5779111203791963,0.11902541409308148,69.30410123993407,37.409714305029155
frame_000136.png,0.00525,0.6561439968316785,115.2329838787381,71.6932611552292,0.5807524294638005,0.1191949883456504,69.37028360189177,37.229591594218014
frame_000137.png,0.0055,0.665451394730233,116.22874967708404,72.33359618310159,0.5804367119433018,0.11939873993787217,69.40465726812431,37.895464629750904
frame_000138.png,0.00575,0.6749252608876707,117.89791504880068,72.16945546046094,0.5802957759688692,0.11961560207866957,69.39267568833043,38.576271205493114
frame_000139.png,0.006,0.684569328689044,116.47267127262478,73.60766512371325,0.5814440574248628,0.11986072818182525,69.32391873718299,37.51073963211571
frame_000140.png,0.00625,0.6939470135970729,117.98709382890024,71.50389495538423,0.5820816406363087,0.11994611177678609,69.38925318601012,37.478292019895946
frame_000141.png,0.006500000000000001,0.7033165866020469,114.9869293247972,71.36921859555336,0.5849022040767765,0.12010551915292882,69.30259642625656,38.231442405118884
frame_000142.png,0.00675,0.7128744472033266,117.63194689174372,71.4336080273364,0.58442317130249,0.12022389100160338,69.24394251412272,38.46453589718246
frame_000143.png,0.007,0.7224905811776222,117.86086334804074,71.9148879415759,0.58474927471161,0.12042214609800961,69.13610754972838,37.96067904355738
frame_000144.png,0.00725,0.7319807509385116,116.93844879690067,71.52011755669457,0.5860804010624858,0.12049500159675602,69.09593798412887,38.19905921410349
frame_000145.png,0.0075,0.7415305157420374,117.90576113459908,71.49940706885434,0.5865687136446092,0.12060691088156361,69.02871900289654,38.78802455031449
frame_000146.png,0.00775,0.7512275218796161,118.19553649126112,71.99181309223007,0.5870496091604863,0.12077525979117203,69.02722562583928,39.03171294838348
frame_000147.png,0.008,0.7609854501167119,118.65444028898301,73.69295456495777,0.5871298062140766,0.12088525264428017,68.93164781747647,38.45495622734951
frame_000148.png,0.00825,0.7705991891735493,117.41405568254129,72.55237553982934,0.5889785191241107,0.12105255304008908,68.91785145807647,38.88586514932291
frame_000149.png,0.0085,0.78032065546088,117.96865661959889,71.74073299936926,0.5899240923602332,0.12108928392672856,68.83874224323621,39.84386823625119
frame_000150.png,0.00875,0.7902816225199428,118.1453533968206,72.99378187871042,0.5901229001268113,0.12120551354280774,68.82785585254678,38.95986099228432
frame_000151.png,0.009000000000000001,0.8000215877680139,118.26244405370116,72.61017948476552,0.5908569348833056,0.12133740682282135,68.78982075571997,39.08608241722167
frame_000152.png,0.00925,0.8097931083723193,118.79772472286297,70.80927384820082,0.5920722348494452,0.1214045783296106,68.67540273239231,39.77750029895777
frame_000153.png,0.0095,0.8197374834470588,118.96314296705876,72.6860686471331,0.5922922173358208,0.12149996133244312,68.61775347782768,39.10084292696902
frame_000154.png,0.00975,0.829512694178801,117.62085685704676,72.52246374963008,0.5937182723816716,0.1215624194126595,68.51217618437072,39.91788749409908
frame_000155.png,0.01,0.8394921660523258,117.37794526242942,71.87846156380238,0.5947791135261458,0.12166055073857762,68.38451279349978,39.74468091104555
frame_000156.png,0.01025,0.8494283362800872,116.78037248688044,70.69227674896196,0.5963556499236953,0.12164432430827132,68.26978523773107,39.8986313385139
frame_000157.png,0.0105,0.8594029941147157,117.21578272451076,70.4069812478226,0.5965819076511893,0.12170458122829862,68.13842055514651,40.68684877122575
frame_000158.png,0.010750000000000001,0.8695747063075221,119.29717445062339,73.54050754473728,0.5953349325630055,0.12179697027035835,68.08532075807273,38.492076283561886
frame_000159.png,0.011,0.8791977253784126,117.65564465444157,70.19825915902695,0.5983413574669746,0.12171701890151472,67.86792426103395,40.87028710492602
frame_000160.png,0.01125,0.8894152971546441,119.24451464173623,69.71956254324641,0.5981640821024619,0.12179389308928858,67.7677292597925,40.16466548219633
frame_000161.png,0.0115,0.8994564635251932,117.48579601659591,71.00322841837307,0.5991571766319042,0.12173505946246048,67.63482447814434,40.5125202628267
frame_000162.png,0.01175,0.9095845935908998,117.75619045823316,69.87058961749256,0.6007696117869802,0.12168238228642465,67.54025885100118,40.05885446997803
frame_000163.png,0.012,0.9195993072083943,116.94531671389261,69.94348472268376,0.6017071858040663,0.12168398717583408,67.39497567762692,40.310404324614964
frame_000164.png,0.01225,0.9296769082895481,118.7367290289142,69.6801113375767,0.6015928095649934,0.1216690391319944,67.31143143592007,40.79113840994708
frame_000165.png,0.0125,0.9398746928920348,117.76518096269378,71.20162147097966,0.6030479734313696,0.12156508322770515,67.12103090574512,40.74312859224971
frame_000166.png,0.012750000000000001,0.9500604750400973,120.68094867449679,68.13892836228099,0.6036681427058365,0.12156226745199689,66.89862754634906,40.6927175996632
frame_000167.png,0.013000000000000001,0.9602336544400131,120.13757869355453,70.12721017630307,0.6035544413733179,0.12145089815511013,66.86521547104144,40.16582192682705
frame_000168.png,0.01325,0.9702751099217198,119.97593691283123,69.909287652398,0.604631311966474,0.12143747996117307,66.64605855354388,42.05819203281402
frame_000169.png,0.0135,0.9807896579299233,118.75630898943638,70.65182499579956,0.6062587636973088,0.12130274306679407,66.57236422783211,40.67697415308791
frame_000170.png,0.01375,0.9909589014681953,114.78054969174896,68.93164914591426,0.6100208454124686,0.12118501132323925,66.43239555011594,41.578003962818414
frame_000171.png,0.014,1.0013534024589,117.04639590563936,68.23672800159908,0.6110283731599302,0.12110938136868946,66.31510144070947,41.8740376597766
frame_000172.png,0.01425,1.011821911873844,121.41809613740017,69.51818737126682,0.608763356637206,0.12107620946652102,66.27010630962282,40.594526927034025
frame_000173.png,0.0145,1.0219705436056026,124.94761807388406,69.01855314317604,0.6088569922435367,0.1210104907402807,66.08179675686463,42.6308123991026
frame_000174.png,0.014750000000000001,1.0326282467053782,129.19141337398588,67.68079834864983,0.6075310040166098,0.12105569338143049,65.88398839019783,41.8803471142315
frame_000175.png,0.015,1.043098333483936,131.00545631489805,66.68317217695976,0.6074942026588912,0.12084271110880872,65.68699309838784,41.6788325794375
frame_000176.png,0.01525,1.0535180416287955,132.8758496150475,66.8023993464514,0.6065759165773158,0.12076380982890647,65.57255902151003,42.81511719540454
frame_000177.png,0.0155,1.0642218209276466,133.89491917174945,69.31351112162565,0.6050460886110425,0.12065867634428751,65.37007260681887,41.74808125846585
frame_000178.png,0.01575,1.074658841242263,134.4434615862076,68.47605825350558,0.604292696194687,0.12053739575410677,65.12223604814992,41.972556789522386
frame_000179.png,0.016,1.0851519804396437,134.9143989876344,66.68863312526162,0.6043843860405945,0.12046649830440444,64.89609745679937,42.37586681529937
frame_000180.png,0.01625,1.0957459471434685,134.1417600503652,66.93939842548508,0.6048064742120278,0.12036082898935047,64.65635933053971,42.709884143135035
frame_000181.png,0.0165,1.1064234181792523,135.31581656930194,67.81853112196717,0.6033603206456285,0.12037848753815397,64.38843657512712,42.38040571294022
frame_000182.png,0.01675,1.1170185196074873,134.3287903444355,67.49760877057176,0.6038160237399446,0.12018761141144771,64.2024212289358,43.56408720124705
frame_000183.png,0.017,1.127909541407799,133.72921624901025,65.8082801686125,0.6047848900684919,0.12008409797446717,63.95933184732969,41.57336604090123
frame_000184.png,0.01725,1.1383028829180244,133.98492719770155,66.12004649588101,0.6044094572340419,0.12005318694971666,63.674527139590026,42.717768802480904
frame_000185.png,0.0175,1.1489823251186446,133.69995498638087,65.07177158592081,0.6055017859977606,0.11987689659242999,63.460961622305845,42.561995998031676
frame_000186.png,0.017750000000000002,1.1596228241181525,138.18145084450987,67.3001213117388,0.6027333347371129,0.11978848785574644,63.191484093266986,42.66685963865946
frame_000187.png,0.018000000000000002,1.1702895390278174,140.71335010770943,65.24049883167979,0.6005964874076204,0.1197372629883313,62.85378146752249,41.33893758011631
frame_000188.png,0.01825,1.1806242734228465,145.00207685799842,63.43925271463401,0.5978277969211715,0.11955476784685748,62.32729468704662,42.64827391345616
frame_000189.png,0.0185,1.1912863419012105,140.778541072875,64.45723938411392,0.5976678901522309,0.11945824927378094,62.025276705254065,42.36592757588031
frame_000190.png,0.01875,1.2018778237951806,137.37767694740685,65.36859444832665,0.5995965345021058,0.11926942105618878,61.55006636341148,42.801180570982034
frame_000191.png,0.019,1.212578118937926,133.69435136370237,65.55650385204206,0.6029098112480629,0.11910190641431337,61.39822668865764,41.375944997244396
frame_000192.png,0.01925,1.2229221051872372,128.33903264623592,66.74927506131445,0.6054198991577923,0.1189092206074184,60.872763469011176,43.6493374268645
frame_000193.png,0.0195,1.2338344395439533,120.5314202569423,67.55079190746345,0.6094578549750721,0.11870564435761935,60.57440823527305,43.47807689696115
frame_000194.png,0.01975,1.2447039587681936,118.14273069359095,67.1848701940489,0.6116346962692213,0.11852887430939808,60.470498804712626,44.078129507938435
frame_000195.png,0.02,1.2557234911451782,114.90823072328621,66.35738590576156,0.6146258877742147,0.11838144291316906,60.22045626461868,43.95992584208397
frame_000196.png,0.02025,1.2667134726056992,113.86884385391738,64.81157437012448,0.6174667089084921,0.1182066930884681,59.96946332207752,43.08135664338497
frame_000197.png,0.0205,1.2774838117665455,112.9138971849904,65.75902616414017,0.6192289139896946,0.11799305979786746,59.77725299187634,43.87778679023313
frame_000198.png,0.02075,1.2884532584641037,113.50374947233655,64.80757555669976,0.6219036819062844,0.11783112394065473,59.53751005976911,43.22753791113332
frame_000199.png,0.021,1.299260142941887,113.35463946307772,65.49078705674498,0.6237096904955118,0.11748234475418869,59.20912391001681,44.00952003101999
frame_000200.png,0.02125,1.310262522949642,114.0271767348392,65.91445650868414,0.6259056535861678,0.11711600869768687,58.61060584720203,43.95204359702465
frame_000201.png,0.021500000000000002,1.3212505338488982,115.55992348474379,67.17816598851006,0.6270873606215753,0.11675406228448328,58.245245915529715,44.188262963912095
frame_000202.png,0.021750000000000002,1.3322975995898763,116.30816324119355,63.645254944665695,0.6305288011644996,0.1163894386601613,57.577574816274584,43.884784565251245
frame_000203.png,0.022,1.343268795731189,116.17804514790325,65.37253873398814,0.6316724530462261,0.11621420310735053,57.17153599504208,45.97343211706484
frame_000204.png,0.02225,1.3547621537604553,116.00430790901248,64.56370041145576,0.6345178769154579,0.11615814712923908,56.75113203238989,44.37796669406335
frame_000205.png,0.0225,1.3658566454339711,116.9590422322031,66.41050858363921,0.6355781631174277,0.1161176196832842,56.447035236997586,44.68746971279458
frame_000206.png,0.02275,1.3770285128621698,118.20108070337848,66.18033285138654,0.6369698554230797,0.11607009513846694,56.2607252620042,45.23511194122598
frame_000207.png,0.023,1.3883372908474763,115.41589864696273,64.48714345963357,0.6396625920107132,0.11602525963944176,56.13645968892469,42.247122329565734
frame_000208.png,0.02325,1.3988990714298677,119.23959907747486,65.06767649455236,0.6408661277096156,0.11615299430181761,56.16878411213832,43.86421484023639
frame_000209.png,0.0235,1.4098651251399268,118.83755943057494,63.80632623464146,0.6436732526456329,0.11652008621078234,56.16778080658402,43.923356791635726
frame_000210.png,0.02375,1.4208459643378357,117.68339103569758,65.81990159207041,0.646461597185612,0.11715743493131546,56.17625893242592,43.313876607539825
frame_000211.png,0.024,1.4316744334897207,116.4576315619458,68.44592970375993,0.6485071273010553,0.11751693808067883,56.170483683900734,44.782153850465356
frame_000212.png,0.02425,1.442869971952337,114.67527541689925,65.8960816448115,0.6514573741487872,0.11802650768466433,56.22655446022047,44.48407105373153
frame_000213.png,0.0245,1.45399098971577,116.33175706107721,66.4953331703654,0.6525898702744608,0.11833181581800524,56.18499456226497,42.158933742270754
frame_000214.png,0.02475,1.4645307231513376,117.4752355560023,63.53440418755643,0.6576499904952219,0.11849110733601141,55.973166090874756,43.769237345071765
frame_000215.png,0.025,1.4754730324876055,116.65081170002621,65.5080823849662,0.6611349024729889,0.11861747436037315,55.64556607800661,42.89513289096014
frame_000216.png,0.02525,1.4861968157103456,115.99955158633418,66.4917517250476,0.6646267426612378,0.11858808585985176,55.5547231966433,44.92900206240069
frame_000217.png,0.025500000000000002,1.4974290662259457,116.22665625959898,62.121964165455466,0.6679507849315289,0.11846046311775404,55.5983783172641,44.20506628852916
frame_000218.png,0.025750000000000002,1.508480332798078,115.63708274584688,65.51239983052577,0.6707238277729219,0.11818119418954037,55.49288546478486,44.96360261823895
frame_000219.png,0.026000000000000002,1.5197212334526378,114.81189459626162,64.13212030387231,0.6741983703014763,0.11795242636028212,55.38561823890229,44.73623772457991
frame_000220.png,0.02625,1.5309052928837827,115.04538545127984,68.6863318928506,0.673549917871248,0.11764728908792842,55.41571270078735,45.35468305636492
frame_000221.png,0.0265,1.542243963647874,115.78091502384298,65.21825727342403,0.6759016418105872,0.11730366212432883,55.477634695441594,44.5534466275026
frame_000222.png,0.02675,1.5533823253047496,114.13354199962085,66.94259577895025,0.6782483719609348,0.11696622013661345,55.44881692587894,44.57593758217726
frame_000223.png,0.027,1.564526309700294,114.557466724472,68.24182011274749,0.67909896944617,0.11650566303871339,55.51885248759891,46.28852100133862
frame_000224.png,0.02725,1.5760984399506286,115.11963166035224,67.16514709269156,0.6800467080615293,0.1161671383785448,55.62162247225238,45.53532645728087
frame_000225.png,0.0275,1.5874822715649488,113.22668579038925,66.4974121620346,0.6817282439248803,0.11570312297301631,55.780288210112246,45.06555215162411
frame_000226.png,0.02775,1.5987486596028548,111.67921298064083,66.93549870633896,0.6847301673007542,0.11524769307331667,55.86169949447799,45.667991752605275
frame_000227.png,0.028,1.6101656575410062,113.08823992372324,68.39123641763906,0.6849725431719752,0.11472542202029522,55.94872090151504,46.901808777466414
frame_000228.png,0.02825,1.6218911097353728,111.96614244693633,68.3058714408289,0.6865677165397626,0.11434564175404636,56.07811987730234,45.79252763971198
frame_000229.png,0.0285,1.6333392416453008,112.75541041873942,54.48356565521303,0.6933916330443642,0.11381994711063197,56.21233051159863,43.80081372050171
frame_000230.png,0.02875,1.6442894450754262,114.52172096977579,46.17560577964648,0.7014504368633979,0.11325253633390733,56.113627494309895,45.69176264776509
frame_000231.png,0.029,1.6557123857373675,113.81256381611153,51.03425437684104,0.7050098986103526,0.11279882240008726,56.1579580274095,44.964040727703214
frame_000232.png,0.02925,1.6669533959192933,115.33108032821181,59.78954914122356,0.7051525794673689,0.11231191881059538,56.13441240524979,45.219438597894346
frame_000233.png,0.029500000000000002,1.6782582555687668,115.24515719014276,64.19966630684523,0.7058540721617974,0.1118269861976873,56.05893907996533,45.061099430288465
frame_000234.png,0.029750000000000002,1.689523530426339,115.21441989004005,66.61072993489513,0.70714568472419,0.11142734282185403,56.00444115117482,45.3728967857554
frame_000235.png,0.03,1.7008667546227778,112.4345524435585,70.29990362737178,0.7092364202190271,0.11104746983438742,55.94114448390983,45.19754176336921
frame_000236.png,0.03025,1.7121661400636201,110.29826605163484,68.9739091758255,0.7122208160520023,0.11058663847825954,55.91407464471687,45.255257532990534
frame_000237.png,0.0305,1.7234799544468677,111.33552560505734,67.7766438902025,0.7145598028906307,0.11012798418791325,55.769843302886265,46.56620106622622
frame_000238.png,0.03075,1.7351215047134243,114.56956230579867,66.74713898536403,0.715722161669487,0.10976599694181888,55.83762883099533,45.81333951437383
frame_000239.png,0.031,1.7465748395920178,116.57400088859212,69.1037559186125,0.7171347061959015,0.10942611211581907,55.80028519130341,46.74121500976014
frame_000240.png,0.03125,1.7582601433444578,115.52649963099756,66.35084269645137,0.7200462731380437,0.10909725752582937,55.91928425955197,46.62342149214016
frame_000241.png,0.0315,1.7699159987174928,113.80876589442892,67.7415919042748,0.7218657433881122,0.10874790747256219,55.888766320948015,46.2007953655732
frame_000242.png,0.03175,1.7814661975588861,113.39997433165226,64.88695759663106,0.7246393588608012,0.10843100501473975,55.871771256460235,46.17006518498279
frame_000243.png,0.032,1.7930087138551318,110.75957939909773,64.7206293595349,0.7285248545952345,0.10812422270906286,55.81323566905653,47.23225837452727
frame_000244.png,0.03225,1.8048167784487636,111.67261259454976,65.86691259426676,0.7301700274555903,0.10782190375250987,55.86307537233166,47.284932598938845
frame_000245.png,0.0325,1.8166380115984984,112.49373275312274,64.8960972102934,0.7323295602600624,0.10745836971552766,55.87433061931553,47.13231640836746
frame_000246.png,0.03275,1.8284210907005902,112.58002236381321,63.00963287257092,0.7356186616446745,0.10708549790816307,55.60840363692873,46.36190194319223
frame_000247.png,0.033,1.8400115661863883,112.0634809358043,64.44479717694298,0.7379551485727494,0.10680838683399642,55.5837655123563,46.45235982834439
frame_000248.png,0.03325,1.8516246561434744,109.52160254087465,63.144478263560245,0.7423876741788796,0.1065232787373802,55.45822778988413,47.68952627628931
frame_000249.png,0.0335,1.8635470377125467,113.02489254888857,63.71014701013942,0.7429931348472665,0.10608152063199862,55.41034392372395,47.179813854193675
frame_000250.png,0.03375,1.8753419911760951,114.20162467403048,63.73385851767206,0.7454399482660651,0.10568457782789392,55.34321273145776,46.438116031645826
frame_000251.png,0.034,1.8869515201840066,111.6426646366833,61.32572044607048,0.7502540270636473,0.10530285306498115,55.07062455063183,47.078125062089526
frame_000252.png,0.03425,1.898721051449529,109.96439178910761,60.25654713440659,0.7539555312570237,0.10502511568232634,54.982135737447585,47.04662431846529
frame_000253.png,0.0345,1.9104827075291453,110.68150305579587,61.5066001987212,0.7550017916775177,0.10470743077303013,54.88748678058016,48.58799485565424
frame_000254.png,0.03475,1.9226297062430588,113.24541079436877,57.30583868903527,0.7569914485199836,0.10438871525333038,54.87608386579788,48.663641049726536
frame_000255.png,0.035,1.9347956165054905,113.33447531867269,57.4340917322011,0.7602380450000892,0.10408395932416012,54.67333917709557,47.479335879796025
frame_000256.png,0.035250000000000004,1.9466654504754395,111.43892338901533,59.75648516525962,0.7627462910708249,0.10382655547558126,54.31430808574285,46.86749001539514
frame_000257.png,0.035500000000000004,1.9583823229792883,111.49403387007195,58.36650201707913,0.7657399644358911,0.10364116254582502,54.160249749309216,48.70681554714462
frame_000258.png,0.035750000000000004,1.9705590268660744,110.28504369025507,59.669539196853165,0.7690969623482217,0.10340926896394809,53.94768984725522,47.6533163868984
frame_000259.png,0.036000000000000004,1.982472355962799,113.49210476561467,55.25812345955659,0.7720478549461294,0.10314938634960294,53.72338764885929,47.31283455446267
frame_000260.png,0.03625,1.9943005646014147,112.38387180680337,56.38284994474596,0.7752163546769562,0.10294229759941423,53.37661776489329,49.09295261847735
frame_000261.png,0.0365,2.006573802756034,112.392385016507,58.178867233925615,0.7760574829913975,0.10286673491351024,53.222066740372085,47.2117943874899
frame_000262.png,0.03675,2.0183767513529065,109.84089217429515,58.213111377694325,0.7792603308680908,0.10271049777424471,53.05602933065352,47.83662573598235
frame_000263.png,0.037,2.030335907786902,108.19740026485033,57.65190223417019,0.783244621633654,0.10252819511500928,52.75030277199869,48.29301703950506
frame_000264.png,0.03725,2.0424091620467784,112.41835407244623,56.125442687624016,0.7851581880763169,0.10224223076748405,52.63729008910752,47.15659836313968
frame_000265.png,0.0375,2.0541983116375633,111.26271628485824,56.32888016250163,0.7884969133619869,0.10195819620539316,52.21805631698454,47.508068414465754
frame_000266.png,0.03775,2.0660753287411797,110.2656793056416,54.57956988181919,0.7914416944855371,0.10173898988279668,51.983903409755264,47.59975191862864
frame_000267.png,0.038,2.077975266720837,105.82446713631865,55.00473503694762,0.7956507711014483,0.10144695811293972,51.676090620203546,49.053333927211895
frame_000268.png,0.03825,2.09023860020264,106.34279260972026,55.04846521712027,0.7977090388735281,0.10115085475589883,51.47462655715822,48.28492654725558
frame_000269.png,0.0385,2.1023098318394537,112.71939916724747,52.437257179650125,0.7997027121389861,0.10069672835368625,51.12197418449781,48.09485860069351
frame_000270.png,0.03875,2.114333546489627,109.97628940119611,56.66250362817596,0.8012959513358011,0.10038455573396146,50.807920730128224,49.29375630708144
frame_000271.png,0.039,2.1266569855663975,105.59733587331968,54.78289690897165,0.8054393846327113,0.10005461109995088,50.65149679957157,48.83781023055356
frame_000272.png,0.03925,2.138866438124036,113.8369311441254,55.92821640613451,0.806118885731826,0.09957575256298754,50.35583103276693,48.504423020293785
frame_000273.png,0.0395,2.1509925438791093,113.06769298095024,55.67694894274248,0.8077816664582428,0.09913466805607347,50.13036265220188,49.52676824736457
frame_000274.png,0.03975,2.1633742359409505,110.5431133561643,54.30949142340228,0.8107891344007447,0.09880736777922375,49.887811766703884,48.66691058545847
frame_000275.png,0.04,2.175540963587315,111.67927073183442,57.69011024199824,0.8129751574183797,0.09838553339360165,49.70630443471432,50.02009032131838
frame_000276.png,0.04025,2.1880459861676447,113.94649109320966,53.36880667581688,0.8153234837936617,0.09807546863920506,49.432784595108764,48.7715865267635
frame_000277.png,0.0405,2.2002388827993355,113.41068017136631,55.322297039749536,0.8168306595764403,0.09762358802173521,49.030620725404226,49.45810272265305
frame_000278.png,0.04075,2.212603408479999,109.76592317344179,57.10759805448181,0.8201667596249125,0.09725239728050124,48.835738888544924,50.28576423178066
frame_000279.png,0.041,2.225174849537944,114.94079430851751,58.03200963579911,0.8212959241534452,0.09689759882482976,48.581236588483854,49.193640411351325
frame_000280.png,0.04125,2.237473259640782,111.70529289457554,55.99146337980286,0.8257196228582702,0.09660724663867883,48.331961683589554,49.75567796383551
frame_000281.png,0.0415,2.2499121791317407,109.53132667438774,55.411315984581094,0.828990964771436,0.09628174719754456,48.08056009511224,49.057366058413265
frame_000282.png,0.04175,2.262176520646344,110.7553399011672,54.69014814267859,0.8312819034703622,0.09590173970018753,47.64223077713467,49.97468597689547
frame_000283.png,0.042,2.274670192140568,113.49340377573368,57.249462335642725,0.833166053636982,0.0955879888630257,47.46745951781479,49.663161777566245
frame_000284.png,0.04225,2.2870859825849594,110.3458961265205,55.26285404554155,0.8366324129454461,0.09538740555490482,47.04759157374717,49.65103976484819
frame_000285.png,0.0425,2.2994987425261715,107.9113817807582,59.60338486625113,0.8394930661244743,0.09516228852129785,46.83404114264097,50.97556056654895
frame_000286.png,0.04275,2.3122426326678087,113.67196795130816,58.34137534921257,0.8414078675712665,0.09489664788655544,46.65254559001311,49.085843406043494
frame_000287.png,0.043000000000000003,2.3245140935193196,111.47304874297598,57.44045717231728,0.8445969685584593,0.09465486191474543,46.32169773316727,50.179307097868886
frame_000288.png,0.043250000000000004,2.337058920293787,106.75626985507381,56.633690887999684,0.8484164749518532,0.09443269650882408,46.1056440321895,49.890712711185614
frame_000289.png,0.043500000000000004,2.349531598471583,113.65577259944953,58.80415013465138,0.8493989655057269,0.09421229209624118,45.80448788669305,49.970645858236296
frame_000290.png,0.043750000000000004,2.3620242599361423,111.04798911059254,65.68201305527732,0.8514219740417512,0.09405390837244959,45.47397658005356,49.940084460349254
frame_000291.png,0.044,2.3745092810512296,108.56339546331665,58.99782474990187,0.855894417384722,0.09389429100265885,45.25961842187411,50.49712454119337
frame_000292.png,0.04425,2.387133562186528,113.11124376745559,56.71344635734498,0.8579902336896064,0.09374203604179485,44.98361536725629,49.584103897004184
frame_000293.png,0.0445,2.399529588160779,108.79013637836441,58.58660404121636,0.8616564513094183,0.09358003030600087,44.68074567762688,49.863373119782395
frame_000294.png,0.04475,2.4119954314407246,107.85709618325657,56.48076927439068,0.8641701650691925,0.09347172655226495,44.37362069746676,50.67683162081771
frame_000295.png,0.045,2.424664639345929,113.11222362217602,58.38927478918986,0.8657155231684694,0.0933181259196673,44.118448910206574,50.0718173871757
frame_000296.png,0.04525,2.437182593692723,109.01238604695605,55.2217757898857,0.8697860456616601,0.093234328262205,43.8470753110246,49.961703613107034
frame_000297.png,0.0455,2.4496730195959997,109.53956457025308,58.10373248885648,0.8719413595849423,0.09313303951158637,43.547750790460555,50.805901166887324
frame_000298.png,0.04575,2.4623744948877215,112.03810531944211,57.61366494099592,0.8734495782554501,0.09302751384161134,43.291037930897346,51.13726068658231
frame_000299.png,0.046,2.475158810059367,108.94763890168572,56.56241353258842,0.8779508088199953,0.09291713395510359,42.954488815570876,50.51747876040835
frame_000300.png,0.04625,2.487788179749469,114.44224176322396,55.945709729706635,0.8792584106518163,0.09282822546597959,42.7244473196232,50.836282476836914
frame_000301.png,0.0465,2.5004972503686784,112.20267254005971,58.03350330007541,0.8817045260856818,0.09274386953167456,42.470402826233,50.18600199432832
frame_000302.png,0.04675,2.5130437508672605,109.55669079292936,56.67099879327282,0.8849337313473311,0.0926719172031184,42.081764888175584,51.29550834826624
frame_000303.png,0.047,2.525867627954327,114.01752052891484,56.69720478972044,0.8867861255532273,0.09250769812895213,41.87312756554178,50.272293289093994
frame_000304.png,0.04725,2.5384357012766006,111.58380614756597,58.16777240495139,0.8892407906231055,0.09246424852850554,41.52777210483503,50.323090794508474
frame_000305.png,0.0475,2.5510164739752277,109.2867289431359,55.87719296508241,0.8917205173577715,0.09235481714887842,41.247450991271826,52.44781184975267
frame_000306.png,0.04775,2.564128426937666,113.48080229735098,56.645036073959304,0.8937842287798197,0.09227033527280379,40.98650052309332,50.212141458400694
frame_000307.png,0.048,2.576681462302266,110.42601878090215,56.16495066157728,0.896887580327171,0.09215360170024033,40.67383632121714,51.53051978495249
frame_000308.png,0.04825,2.589564092248504,114.01089855132861,54.28839084063176,0.8987534578347388,0.09204631109794784,40.4256492746685,52.03082946309934
frame_000309.png,0.0485,2.602571799614279,111.05991741380967,55.296078712921606,0.901174758299038,0.0919775166501333,40.20437172399771,50.693827269361336
frame_000310.png,0.04875,2.6152452564316193,108.00814139833261,55.007633220900466,0.9037470178626044,0.09191734363823786,39.95147732955527,53.5830310613612
frame_000311.png,0.049,2.6286410141969596,112.969799109788,51.34593203085981,0.9060667298012739,0.09182256440271154,39.7839037498368,50.870948665766136
frame_000312.png,0.04925,2.641358751363401,110.31827392766371,52.962039059134604,0.9083387531855731,0.09172844936388383,39.485529172906126,50.62830994162226
frame_000313.png,0.0495,2.6540158288488067,108.98617143094235,51.09524453776722,0.9107555043887505,0.09162896952146563,39.17593968952158,52.859706456901634
frame_000314.png,0.04975,2.667230755463032,112.12030390847991,52.941832585563986,0.911684152879329,0.0915126592805797,38.959646131886316,50.85076867724858
frame_000315.png,0.05,2.6799434476323443,110.95711007924388,51.80592123331916,0.9140852563961444,0.09138692612931758,38.65197177644522,52.97242620413556
frame_000316.png,0.05025,2.693186554183378,113.9944508181673,54.89184505045152,0.9146010428510045,0.09123990441068959,38.50119418025413,52.61085616822214
frame_000317.png,0.0505,2.7063392682254337,111.53353598360205,53.5025610948377,0.9175633379291915,0.09109949793596492,38.155007691105304,51.89553108104761
frame_000318.png,0.05075,2.7193131509956956,109.41753754992916,52.19499102804975,0.9200226215175888,0.09096986742385965,37.90130537907511,53.49765363209791
frame_000319.png,0.051000000000000004,2.73268756440372,113.50847042190708,50.9524115865994,0.9220000819468928,0.09079523116693695,37.6509432024402,51.269479101044624
frame_000320.png,0.051250000000000004,2.7455049341789812,111.17045681616804,51.43354679262433,0.9243330052142935,0.09070910946498295,37.31776489198045,53.157537714866976
frame_000321.png,0.051500000000000004,2.758794318607698,115.09241287159404,50.12229546295855,0.9251272150519321,0.09053241917048324,37.09766411056335,53.17369815021955
frame_000322.png,0.051750000000000004,2.772087743145253,112.16610923135462,49.26838790857257,0.9280718282981402,0.09041256979792493,36.836482889348694,50.76426172398385
frame_000323.png,0.052000000000000005,2.784778808576249,111.0012425613241,51.0872993345259,0.9294985733691784,0.09023227602932044,36.449811684617025,54.41849899387208
frame_000324.png,0.05225,2.798383433324717,114.46002047093987,50.63320363932652,0.9322178862826963,0.09011308117248036,36.23059221476804,52.50600119729221
frame_000325.png,0.0525,2.81150993362404,109.94095446613397,50.46581225183324,0.934272037982363,0.08998830173201837,35.92991276600517,53.876323333664544
frame_000326.png,0.05275,2.824979014457456,113.63953515240505,48.45218623025347,0.9361759574091191,0.08986015825499497,35.70304070686096,53.3396529104877
frame_000327.png,0.053,2.838313927685078,111.12144700713077,50.98276038544219,0.9377771339042705,0.08976492302489329,35.43333535969635,53.430590725980665
frame_000328.png,0.05325,2.851671575366573,115.12064529719686,51.01351454765543,0.9379477069164994,0.08963699299664571,35.223720616396,53.25772155466346
frame_000329.png,0.0535,2.864986005755239,112.73779499473314,50.62192339229493,0.9420746595412735,0.08949507815673974,34.9011426213753,53.48674938428921
frame_000330.png,0.05375,2.8783576931013113,112.84792853478132,50.453219487529,0.9434415217500158,0.08940212966184506,34.68949559351641,54.24989450337314
frame_000331.png,0.054,2.8919201667271546,113.92600735696388,47.798687138018565,0.9460179795070247,0.08932148160207053,34.44727644743409,53.496541419825405
frame_000332.png,0.05425,2.905294302082111,111.80466535266044,49.09334221322523,0.9483970591717958,0.0891868986643031,34.21117348509557,53.954453478850084
frame_000333.png,0.0545,2.9187829154518234,113.97435616287815,50.71879027931803,0.9493652016843426,0.08910686140883525,33.95088672259497,53.09353579884579
frame_000334.png,0.05475,2.932056299401535,111.76620606784411,50.178808801998194,0.9530451645843276,0.08898791295086067,33.734096613748974,53.67290506481126
frame_000335.png,0.055,2.9454745256677377,115.86536944321283,47.02843944105434,0.9545832797168469,0.08892902734088004,33.46957599915625,53.632591204660685
frame_000336.png,0.05525,2.958882673468903,110.63850384158333,46.689402989134784,0.9593229327018756,0.08885051585521732,33.20016170278984,53.88323882631596
frame_000337.png,0.0555,2.972353483175482,113.65710451679679,46.068483121481755,0.9609212384098077,0.08873255686350832,33.11939939545478,53.64777066665738
frame_000338.png,0.05575,2.985765425842146,110.86550022941572,46.40865233310805,0.9644007131243449,0.08868369909191684,32.83269489881921,53.93350606956737
frame_000339.png,0.056,2.999248802359538,113.3401920876967,49.257157300618346,0.9650982513316095,0.08860772896060967,32.62313333350262,54.06027849133288
frame_000340.png,0.05625,3.0127638719823713,111.50501507747083,49.48669308566619,0.967710166024842,0.0885998962713844,32.480871204952386,53.89994312534441
frame_000341.png,0.0565,3.0262388577637074,115.51686269335931,52.92508757237537,0.9676167932695786,0.0885222989586809,32.31353485714145,53.17075218997225
frame_000342.png,0.05675,3.0395315458112004,112.13861307930988,48.64840155774467,0.973258533720028,0.0884407386721278,32.04119423221243,53.61333762825282
frame_000343.png,0.057,3.0529348802182636,114.02675544570705,49.69368844326528,0.9748486865810504,0.08835994475979768,31.861724416636864,52.91400939696622
frame_000344.png,0.05725,3.066163382567505,110.69472171940771,46.540850381646955,0.9795557827316234,0.0883096705473508,31.636636024987013,54.26884405926735
frame_000345.png,0.0575,3.079730593582322,115.36733841879104,48.392939544831016,0.9795884146737445,0.08820432255754594,31.44279770870882,52.57000364730047
frame_000346.png,0.05775,3.092873094494147,110.30806011890313,49.01271975838137,0.9840828424122855,0.08811461075470374,31.19246607286516,54.44012233567541
frame_000347.png,0.058,3.106483125078066,113.80823584989108,52.85808462565425,0.9840558006422704,0.08803424401851069,31.044115902009132,53.71210706617191
frame_000348.png,0.05825,3.119911151844609,110.44752119370914,51.39228109283598,0.9890032515852286,0.08792955772806177,30.765849030813282,52.949485119336615
frame_000349.png,0.0585,3.133148523124443,114.70185967797865,49.62466223694598,0.9913142512849153,0.08780780417225836,30.586795508869226,53.91965382702146
frame_000350.png,0.058750000000000004,3.1466284365811985,113.0489760633406,48.54293749104967,0.9954144917762898,0.08768861893834932,30.400503725880007,53.44817368109389
frame_000351.png,0.059000000000000004,3.159990480001472,113.04570504281193,50.10545310950657,0.9966212262713645,0.08763929341405331,30.209660329310715,53.42882623741296
frame_000352.png,0.059250000000000004,3.173347686560825,113.991380012466,51.44404597698205,0.9988585328095653,0.08755358365251682,30.06039784176452,52.37574927655686
frame_000353.png,0.059500000000000004,3.1864416238799644,112.40166671412513,50.52446328961289,1.0024299619363646,0.0874456731033724,29.823042767276892,54.08347400973312
frame_000354.png,0.059750000000000004,3.1999624923823977,114.0379181292518,51.09656836608713,1.0045264521171244,0.08733843328375834,29.71000192477729,54.726902802391564
frame_000355.png,0.06,3.2136442180829956,112.67897797449264,49.27735923056552,1.0078905509412788,0.08725586003608761,29.55431433252996,52.615980096302195
frame_000356.png,0.06025,3.226798213107071,114.4167698913083,50.51584239807255,1.0107427324167404,0.08712048362112991,29.39144924199445,52.89272707166326
frame_000357.png,0.0605,3.240021394874987,111.24496298418839,48.939007057479294,1.0158863705181502,0.08701227098822241,29.165127834717644,53.87455783868589
frame_000358.png,0.06075,3.2534900343346584,111.88809189620258,53.53327383046801,1.0172413873730168,0.08690579774265775,29.02780155461095,54.90095445693122
frame_000359.png,0.061,3.2672152729488912,114.66340930503432,54.36232769271209,1.0188000077719213,0.08676432174801747,28.881185268463643,52.28942072938381
frame_000360.png,0.06125,3.280287628131237,110.58138192595997,52.66103148205935,1.0246059513026864,0.08660932988880157,28.69158766036004,53.79032976321696
frame_000361.png,0.0615,3.2937352105720414,113.11304527600979,50.90193263201127,1.0277897890308096,0.08647447193833067,28.575082699255425,56.84618806724018
frame_000362.png,0.06175,3.3079467575888515,113.40293801272051,51.91257213699493,1.0305454909848113,0.08639059569580616,28.59217228496912,53.23049240893063
frame_000363.png,0.062,3.321254380691084,111.23300017708667,52.0586540909735,1.034113690761181,0.08622350792387383,28.368978737320234,54.353903841866114
frame_000364.png,0.06225,3.3348428566515507,114.13783277909612,54.264368827975,1.035411831511338,0.08610899486560566,28.21885137733041,54.34999437446919
frame_000365.png,0.0625,3.348430355245168,110.57699205759859,54.25857658390413,1.0407113985213898,0.08596421407446832,28.07440812134223,54.787146043006274
frame_000366.png,0.06275,3.3621271417559195,111.30010432801807,49.79313077237889,1.0448668128847451,0.08581287327635444,27.95390639160713,54.66087687914545
frame_000367.png,0.063,3.375792360975706,114.03700105860256,50.09025477562821,1.0475487598665854,0.08567486530787775,27.737231046262927,54.07662770384647
frame_000368.png,0.06325,3.3893115179016675,110.11519914090681,49.83354351943409,1.0512933330148326,0.08556195073309952,27.622700856874122,55.839767143407215
frame_000369.png,0.0635,3.4032714596875193,111.97784049399596,50.11914061949478,1.0540350424733427,0.0854409715106224,27.494706728069776,56.279273663092155
frame_000370.png,0.06375,3.4173412781032924,112.12337393978805,52.67614567662893,1.0558117377621723,0.08529909307070836,27.37092163019546,54.13651744235182
frame_000371.png,0.064,3.4308754074638803,110.71693688213635,52.25649203408188,1.0605859762129668,0.08516071195588522,27.23994863450694,56.12377354714759
frame_000372.png,0.06425,3.444906350850667,111.77517604982464,49.98907587807213,1.0639751738968501,0.08502177527801091,27.129104871096036,54.75128563628218
frame_000373.png,0.0645,3.4585941722597378,112.5164290621201,50.24606343093796,1.0676154914846363,0.0848454202710775,26.989351261884487,54.31696658325258
frame_000374.png,0.06475,3.472173413905551,108.93587832910539,49.812396752727544,1.0717389483128037,0.0847177931195455,26.778148826468946,56.47085609859914
frame_000375.png,0.065,3.4862911279302007,111.94168459241543,53.038801351066674,1.0732271717146569,0.08457006940488998,26.669231618961774,56.203318864385565
frame_000376.png,0.06525,3.500341957646297,113.65390387165621,52.92794204188274,1.0756506937861314,0.08443115182622109,26.56140115477356,55.0878407407982
frame_000377.png,0.0655,3.5141139178314966,109.07814967393828,47.31303051330459,1.0815852030213866,0.0842825226360173,26.41445776391602,55.71810254263454
frame_000378.png,0.06575,3.5280434434671553,112.47338404827259,46.84945409642058,1.0845562212332416,0.08415649060423899,26.282618010511605,56.28148443159908
frame_000379.png,0.066,3.542113814575055,113.43109676399132,51.701761971526665,1.0869878740368755,0.083997789629415,26.168815652370093,55.19243548951991
frame_000380.png,0.06625,3.555911923447435,110.61279977044525,47.26551645966655,1.0922862686002888,0.0838694074977434,26.044385201742966,55.87315494418377
frame_000381.png,0.0665,3.569880212183481,110.21075845224273,52.62783713447308,1.094233040154917,0.08370392415773258,25.90770924370214,56.792250939322386
frame_000382.png,0.06675,3.5840782749183115,112.94217037859391,53.12911900326008,1.0966247820870527,0.08356755114000028,25.79126990904359,55.76782911689371
frame_000383.png,0.067,3.598020232197535,113.16132735555038,49.67463281674934,1.1009629300921073,0.08342025646104347,25.688418008047154,54.69751572557335
frame_000384.png,0.06725,3.6116946111289283,109.88236248406444,47.994882898824585,1.1059398484831906,0.08328155824482386,25.500569257905006,55.99627577429267
frame_000385.png,0.0675,3.6256936800725015,111.49204750140252,49.933530072516355,1.1091284634757472,0.08310409115330294,25.38298206757877,56.03565390440757
frame_000386.png,0.06775,3.6397025935486034,114.19464859789443,49.27601579442161,1.1118034875762737,0.0829420974711765,25.252807077191502,55.39774533794706
frame_000387.png,0.068,3.65355202988309,108.64576149247469,50.08386250320258,1.116084276887264,0.08281034317475582,24.992629993092983,55.31561129434159
frame_000388.png,0.06825,3.6673809327066755,111.0860706414584,50.856194142282234,1.1187261871554974,0.08269173369217198,24.857291128681933,57.137898905429196
frame_000389.png,0.0685,3.681665407433033,111.20631021751686,47.500258604974306,1.1233524300257407,0.08248504945040779,24.739978738279227,56.03125268850029
frame_000390.png,0.06875,3.695673220605158,113.59127535407224,46.65962355185919,1.126452199052825,0.08235062051976341,24.59702634178881,55.37550766885779
frame_000391.png,0.069,3.7095170975223724,109.35573514263093,48.712715827391264,1.1304825605168585,0.08220208040075502,24.428252212436803,55.64298182041405
frame_000392.png,0.06925,3.723427842977476,111.22615585757875,47.73771032795313,1.1337526252961783,0.08202537991106812,24.31406878455283,57.40135201042307
frame_000393.png,0.0695,3.7377781809800816,110.93239020107181,48.166494359833614,1.1366493836040044,0.08185193928198857,24.17369719586745,55.678556241810284
frame_000394.png,0.06975,3.751697820040534,113.7372268918819,49.19604258730746,1.1397475053044777,0.08168740323379281,24.026765369251518,55.197185381414826
frame_000395.png,0.07,3.765497116385888,108.47606931678187,49.271955079473315,1.1444355834105122,0.08154265595031134,23.870619738540633,55.73947117363609
frame_000396.png,0.07025,3.779431984179297,110.03705450608541,45.82703485525344,1.1485079140330983,0.08138250506385677,23.7508389050192,56.584870378115326
frame_000397.png,0.07050000000000001,3.7935782017738258,111.03096305777964,44.359680631426095,1.1521137881960837,0.08121778718044921,23.522847814118148,55.88479322597273
frame_000398.png,0.07075000000000001,3.807549400080319,113.24404662671478,46.120623608236045,1.1545839667582534,0.08103382379276317,23.368116642461242,56.66057228530086
frame_000399.png,0.07100000000000001,3.821714543151644,113.92154293922015,46.39878730516042,1.1573007172336478,0.0808733325207737,23.239105846816077,55.25022543126035
frame_000400.png,0.07125000000000001,3.8355270995094592,108.43800838827926,44.70776638334239,1.163309765498464,0.08075404393924511,23.11448037049098,56.483981511664894
frame_000401.png,0.07150000000000001,3.8496480948873755,110.25447604344205,42.90916311744123,1.1668121656294248,0.08055596722358621,22.95935939691175,57.15997850964527
frame_000402.png,0.07175000000000001,3.863938089514787,110.44258142903553,45.34192438667017,1.1700927024003278,0.0803725013155857,22.850084235643436,57.02548786979733
frame_000403.png,0.07200000000000001,3.878194461482236,113.32515111960922,44.84029628818411,1.1726778787882934,0.08022830463450648,22.728280726086535,56.264466589734496
frame_000404.png,0.07225,3.8922605781296697,113.42074984047503,47.30141924490809,1.176185126293473,0.08002675315906835,22.60588899685342,55.18476890790858
frame_000405.png,0.0725,3.906056770356647,108.33091023008586,44.92484322668252,1.1813178827681075,0.0798383810329397,22.451277326443844,55.72651022279018
frame_000406.png,0.07275,3.9199883979123444,109.88822743290508,45.96903421318183,1.1847313248242395,0.07968179067754222,22.23060871761908,57.42084033998651
frame_000407.png,0.073,3.934343607997341,112.46732953519539,43.20948102725674,1.1886911751838571,0.07948687940556569,22.12116002603831,56.48933602601147
frame_000408.png,0.07325,3.948465942003844,110.86842713346783,45.60582574503339,1.1928645086942165,0.07929411625396683,21.89742396496404,57.1273823401004
frame_000409.png,0.0735,3.962747787588869,113.34846741331053,44.72873255356607,1.1956916989004425,0.07913947626751258,21.79860067159617,55.969655384091155
frame_000410.png,0.07375,3.976740201434892,113.4823613736871,46.97898032741255,1.1994027042114708,0.0789244967039601,21.580514026432827,55.45110475700277
frame_000411.png,0.074,3.9906029776241425,109.02399701658703,45.72967029041476,1.2043190290311987,0.07876687941511543,21.44755783903335,56.94384636504424
frame_000412.png,0.07425,4.004838939215404,111.26802465572582,43.53652779910217,1.2079560106880742,0.07860695858529136,21.336832190328714,56.135826909269326
frame_000413.png,0.0745,4.018872895942721,109.9278852261748,43.880232025904824,1.212806379389825,0.07841002564474765,21.142884710455764,58.1036306317948
frame_000414.png,0.07475,4.03339880360067,111.16625223972466,44.04100942629956,1.2160158103298229,0.07827811423467525,21.03708127454007,58.06161515027242
frame_000415.png,0.075,4.047914207388238,111.86450007811214,44.142027864022424,1.2194571326783288,0.07811350506260488,20.93254949395836,57.43513118975585
frame_000416.png,0.07525,4.062272990185677,112.52616827181626,43.54625880670395,1.2240398221293332,0.07794008787939727,20.82235077975018,55.71087671534869
frame_000417.png,0.0755,4.076200709364514,113.23283221242156,44.398201336749246,1.2282653961596457,0.07775081894683103,20.70957581167468,58.19544065866822
frame_000418.png,0.07575,4.090749569529181,113.41775878933541,44.3790902410453,1.23165778922895,0.07760017544116757,20.612481052808928,57.547235853938616
frame_000419.png,0.076,4.1051363784926655,109.57844646661118,41.939130536654055,1.2379362817696105,0.07743776200676249,20.518052853308994,57.38043451022179
frame_000420.png,0.07625,4.119481487120221,109.99207893053004,44.76200684377051,1.2413611110832408,0.07725862311221048,20.40701134803286,57.323130896129726
frame_000421.png,0.0765,4.133812269844253,108.6600479677725,43.871885850234975,1.2455487522101711,0.07701488359960418,20.316052561758458,57.0835147449813
frame_000422.png,0.07675,4.148083148530499,108.63998212033182,42.984480079445845,1.2502008364994814,0.07682160462301148,20.20343607419937,57.64704275043542
frame_000423.png,0.077,4.162494909218108,110.15534600091968,42.686292593466504,1.2535234230759322,0.07667946507589857,20.006181196476714,58.97342646715131
frame_000424.png,0.07725,4.177238265834895,109.92463507679021,43.67291214573441,1.2575654450367566,0.07641759870660256,19.940292937581614,56.33497265720422
frame_000425.png,0.0775,4.1913220089991965,110.36477453038049,43.89984113060049,1.2615797614934299,0.07627123948924176,19.73855566955818,58.99083470084676
frame_000426.png,0.07775,4.206069717674408,110.61425963201407,42.473583792385824,1.2661081390135556,0.07607233790566666,19.5745411774306,57.164768177361935
frame_000427.png,0.078,4.220360909718749,111.00200574856889,44.16533446207508,1.2703129096475585,0.07584798878873372,19.4736876677388,58.53554294776586
frame_000428.png,0.07825,4.23499479545569,111.94384825505752,43.38343618584715,1.2740352754394888,0.07568316502709152,19.388930014363964,57.27770840084645
frame_000429.png,0.0785,4.249314222555902,111.86217044001465,44.96035128813039,1.2778323895155212,0.07551250537481173,19.202136808315405,59.16038871374596
frame_000430.png,0.07875,4.264104319734338,112.41111700118493,42.266404140091424,1.283111544565249,0.07532908710758965,19.127017562836016,58.668387671886535
frame_000431.png,0.079,4.27877141665231,112.42677728383359,41.9715973754729,1.2869378475881446,0.07517107954562471,19.02609438181859,58.73609477696817
